{
  "agent_a": "heuristic",
  "agent_b": "greedy",
  "games": 500,
  "a_wins": 255,
  "b_wins": 245,
  "draws": 0,
  "aborted": 0,
  "decisive": 500,
  "a_winrate": 0.51,
  "a_winrate_ci95": [
    0.4662736879310782,
    0.5535738252596908
  ],
  "verdict": "inconclusive",
  "significant": false,
  "avg_turns": 6.226,
  "avg_selections": 34.2,
  "avg_move_ms_a": 0.006037379016695455,
  "avg_move_ms_b": 0.0014517230209586743,
  "max_move_ms_a": 0.09300000965595245,
  "max_move_ms_b": 0.014208024367690086,
  "avg_game_wall_s": 0.0032682252433151007,
  "games_per_sec": 305.9764629275237,
  "base_seed": 0,
  "swap": true,
  "total_wall_s": 1.6372931679943576
}