{
  "agent_a": "heuristic_no_bench_dev",
  "agent_b": "greedy",
  "games": 500,
  "a_wins": 256,
  "b_wins": 244,
  "draws": 0,
  "aborted": 0,
  "decisive": 500,
  "a_winrate": 0.512,
  "a_winrate_ci95": [
    0.46826225284987066,
    0.5555547629790522
  ],
  "verdict": "inconclusive",
  "significant": false,
  "avg_turns": 6.372,
  "avg_selections": 34.368,
  "avg_move_ms_a": 0.005866007129768662,
  "avg_move_ms_b": 0.0014275120300732754,
  "max_move_ms_a": 0.09745894931256771,
  "max_move_ms_b": 0.026499968953430653,
  "avg_game_wall_s": 0.0032365523203043266,
  "games_per_sec": 308.97075067396776,
  "base_seed": 0,
  "swap": true,
  "total_wall_s": 1.6210983750061132
}