{
  "agent": "greedy",
  "games_per_pair": 80,
  "base_seed": 0,
  "swap": true,
  "decks": [
    "deck",
    "darkness_aggro",
    "fighting_aggro",
    "fire_aggro",
    "grass_aggro",
    "lightning_aggro",
    "metal_aggro",
    "psychic_aggro",
    "water_aggro",
    "rand0"
  ],
  "matrix": [
    [
      null,
      0.625,
      0.65,
      0.8375,
      0.65,
      0.7875,
      0.3625,
      0.8375,
      0.7,
      1.0
    ],
    [
      0.375,
      null,
      0.3875,
      0.45,
      0.1625,
      0.45,
      0.15,
      0.975,
      0.4375,
      1.0
    ],
    [
      0.35,
      0.6125,
      null,
      0.75,
      0.4,
      0.759493670886076,
      0.5875,
      0.9875,
      0.7625,
      1.0
    ],
    [
      0.16249999999999998,
      0.55,
      0.25,
      null,
      0.8,
      0.4375,
      0.6625,
      0.95,
      0.2,
      1.0
    ],
    [
      0.35,
      0.8375,
      0.6,
      0.19999999999999996,
      null,
      0.3125,
      0.075,
      0.875,
      0.4875,
      1.0
    ],
    [
      0.21250000000000002,
      0.55,
      0.240506329113924,
      0.5625,
      0.6875,
      null,
      0.4125,
      0.9375,
      0.5769230769230769,
      1.0
    ],
    [
      0.6375,
      0.85,
      0.4125,
      0.3375,
      0.925,
      0.5875,
      null,
      1.0,
      0.95,
      1.0
    ],
    [
      0.16249999999999998,
      0.025000000000000022,
      0.012499999999999956,
      0.050000000000000044,
      0.125,
      0.0625,
      0.0,
      null,
      0.0375,
      0.45
    ],
    [
      0.30000000000000004,
      0.5625,
      0.23750000000000004,
      0.8,
      0.5125,
      0.42307692307692313,
      0.050000000000000044,
      0.9625,
      null,
      1.0
    ],
    [
      0.0,
      0.0,
      0.0,
      0.0,
      0.0,
      0.0,
      0.0,
      0.55,
      0.0,
      null
    ]
  ],
  "pairs": [
    {
      "a": "deck",
      "b": "darkness_aggro",
      "a_winrate": 0.625,
      "ci95": [
        0.5154872546314301,
        0.7230582129846882
      ],
      "decisive": 80,
      "draws": 0
    },
    {
      "a": "deck",
      "b": "fighting_aggro",
      "a_winrate": 0.65,
      "ci95": [
        0.5408000664880767,
        0.7454544946512652
      ],
      "decisive": 80,
      "draws": 0
    },
    {
      "a": "deck",
      "b": "fire_aggro",
      "a_winrate": 0.8375,
      "ci95": [
        0.7415709565930229,
        0.9025018059704963
      ],
      "decisive": 80,
      "draws": 0
    },
    {
      "a": "deck",
      "b": "grass_aggro",
      "a_winrate": 0.65,
      "ci95": [
        0.5408000664880767,
        0.7454544946512652
      ],
      "decisive": 80,
      "draws": 0
    },
    {
      "a": "deck",
      "b": "lightning_aggro",
      "a_winrate": 0.7875,
      "ci95": [
        0.6857784426940333,
        0.8628761328230384
      ],
      "decisive": 80,
      "draws": 0
    },
    {
      "a": "deck",
      "b": "metal_aggro",
      "a_winrate": 0.3625,
      "ci95": [
        0.2657079306444915,
        0.4718920549777783
      ],
      "decisive": 80,
      "draws": 0
    },
    {
      "a": "deck",
      "b": "psychic_aggro",
      "a_winrate": 0.8375,
      "ci95": [
        0.7415709565930229,
        0.9025018059704963
      ],
      "decisive": 80,
      "draws": 0
    },
    {
      "a": "deck",
      "b": "water_aggro",
      "a_winrate": 0.7,
      "ci95": [
        0.5923184607866026,
        0.7893542873991866
      ],
      "decisive": 80,
      "draws": 0
    },
    {
      "a": "deck",
      "b": "rand0",
      "a_winrate": 1.0,
      "ci95": [
        0.9541818704644728,
        0.9999999999999999
      ],
      "decisive": 80,
      "draws": 0
    },
    {
      "a": "darkness_aggro",
      "b": "fighting_aggro",
      "a_winrate": 0.3875,
      "ci95": [
        0.2882456512530507,
        0.49706342789244284
      ],
      "decisive": 80,
      "draws": 0
    },
    {
      "a": "darkness_aggro",
      "b": "fire_aggro",
      "a_winrate": 0.45,
      "ci95": [
        0.34577689184711224,
        0.5588049211064404
      ],
      "decisive": 80,
      "draws": 0
    },
    {
      "a": "darkness_aggro",
      "b": "grass_aggro",
      "a_winrate": 0.1625,
      "ci95": [
        0.09749819402950367,
        0.2584290434069771
      ],
      "decisive": 80,
      "draws": 0
    },
    {
      "a": "darkness_aggro",
      "b": "lightning_aggro",
      "a_winrate": 0.45,
      "ci95": [
        0.34577689184711224,
        0.5588049211064404
      ],
      "decisive": 80,
      "draws": 0
    },
    {
      "a": "darkness_aggro",
      "b": "metal_aggro",
      "a_winrate": 0.15,
      "ci95": [
        0.08794040506163547,
        0.24413228561323347
      ],
      "decisive": 80,
      "draws": 0
    },
    {
      "a": "darkness_aggro",
      "b": "psychic_aggro",
      "a_winrate": 0.975,
      "ci95": [
        0.9133556701442198,
        0.9931171067970292
      ],
      "decisive": 80,
      "draws": 0
    },
    {
      "a": "darkness_aggro",
      "b": "water_aggro",
      "a_winrate": 0.4375,
      "ci95": [
        0.33413860916143806,
        0.5465886570305026
      ],
      "decisive": 80,
      "draws": 0
    },
    {
      "a": "darkness_aggro",
      "b": "rand0",
      "a_winrate": 1.0,
      "ci95": [
        0.9541818704644728,
        0.9999999999999999
      ],
      "decisive": 80,
      "draws": 0
    },
    {
      "a": "fighting_aggro",
      "b": "fire_aggro",
      "a_winrate": 0.75,
      "ci95": [
        0.6451532538076602,
        0.8319376814245761
      ],
      "decisive": 80,
      "draws": 0
    },
    {
      "a": "fighting_aggro",
      "b": "grass_aggro",
      "a_winrate": 0.4,
      "ci95": [
        0.2996182759587093,
        0.509545349948396
      ],
      "decisive": 80,
      "draws": 0
    },
    {
      "a": "fighting_aggro",
      "b": "lightning_aggro",
      "a_winrate": 0.759493670886076,
      "ci95": [
        0.6546430708772921,
        0.8402781990238368
      ],
      "decisive": 79,
      "draws": 1
    },
    {
      "a": "fighting_aggro",
      "b": "metal_aggro",
      "a_winrate": 0.5875,
      "ci95": [
        0.47804040345890164,
        0.6889414238723812
      ],
      "decisive": 80,
      "draws": 0
    },
    {
      "a": "fighting_aggro",
      "b": "psychic_aggro",
      "a_winrate": 0.9875,
      "ci95": [
        0.9325372992233133,
        0.9977900244795476
      ],
      "decisive": 80,
      "draws": 0
    },
    {
      "a": "fighting_aggro",
      "b": "water_aggro",
      "a_winrate": 0.7625,
      "ci95": [
        0.6585922106615945,
        0.8423532713322537
      ],
      "decisive": 80,
      "draws": 0
    },
    {
      "a": "fighting_aggro",
      "b": "rand0",
      "a_winrate": 1.0,
      "ci95": [
        0.9541818704644728,
        0.9999999999999999
      ],
      "decisive": 80,
      "draws": 0
    },
    {
      "a": "fire_aggro",
      "b": "grass_aggro",
      "a_winrate": 0.8,
      "ci95": [
        0.6995375627182917,
        0.8729715595603921
      ],
      "decisive": 80,
      "draws": 0
    },
    {
      "a": "fire_aggro",
      "b": "lightning_aggro",
      "a_winrate": 0.4375,
      "ci95": [
        0.33413860916143806,
        0.5465886570305026
      ],
      "decisive": 80,
      "draws": 0
    },
    {
      "a": "fire_aggro",
      "b": "metal_aggro",
      "a_winrate": 0.6625,
      "ci95": [
        0.5535652339817697,
        0.756543873919184
      ],
      "decisive": 80,
      "draws": 0
    },
    {
      "a": "fire_aggro",
      "b": "psychic_aggro",
      "a_winrate": 0.95,
      "ci95": [
        0.8783772379535698,
        0.9803864454644556
      ],
      "decisive": 80,
      "draws": 0
    },
    {
      "a": "fire_aggro",
      "b": "water_aggro",
      "a_winrate": 0.2,
      "ci95": [
        0.12702844043960787,
        0.30046243728170835
      ],
      "decisive": 80,